["abl", "abnorm", "academ", "academ", "academ", "academ", "academia", "academia", "academia", "academia", "accept", "access", "accord", "account", "achiev", "activ", "ad", "ad", "ad", "ad", "add", "adrian", "adrian", "advanc", "advanc", "advanc", "advanc", "africa", "age", "age", "age", "age", "age", "age", "age", "agre", "aid", "albert", "alhazen", "alison", "allow", "allud", "amateur", "american", "american", "american", "analog", "analog", "analog", "analyst", "analyt", "anatomi", "anatomist", "ancient", "anim", "anim", "anim", "anim", "anim", "anim", "anjali", "annal", "annual", "anonym", "antiqu", "antiqu", "antiqu", "antiqu", "appear", "appli", "appli", "appli", "appli", "appli", "appli", "appoint", "arab", "arabia", "archiv", "archiv", "archiv", "archiv", "archiv", "archiv", "archiv", "archiv", "archiv", "archiv", "archiv", "archiv", "archiv", "archiv", "archiv", "area", "area", "area", "area", "area", "aristotl", "arriv", "arthur", "articl", "articl", "articl", "articl", "articl", "articl", "articl", "articl", "articl", "articl", "articl", "artist", "artist", "ask", "astrolog", "astronomi", "astronomi", "astronomi", "atom", "atom", "atom", "atom", "attach", "attain", "attitud", "australia", "author", "author", "avail", "averag", "avicenna", "award", "award", "award", "award", "award", "bachelor", "batteri", "bbc", "beauti", "beeckman", "began", "benefit", "bernard", "best", "biggest", "biolog", "biolog", "biolog", "biolog", "biologist", "biologist", "biologist", "biologist", "biologist", "biologist", "biologist", "biologist", "biologist", "biologist", "biologist", "biologist", "biologist", "biologist", "biologist", "biologist", "biologist", "biologist", "biologist", "birth", "blais", "blood", "bodi", "bodili", "bohr", "bomb", "border", "botanist", "botanist", "bound", "brain", "branch", "brand", "brass", "brazil", "brilliant", "britain", "british", "british", "broad", "broad", "brunfel", "build", "busi", "busi", "cahan", "cajal", "calculus", "call", "call", "call", "cambridg", "came", "came", "campbel", "campbel", "canada", "cancer", "cancer", "cardano", "cardano", "career", "career", "career", "career", "career", "career", "career", "carina", "carina", "carson", "catalog", "cathol", "cathol", "caus", "caveat", "cell", "center", "center", "center", "center", "centuri", "centuri", "centuri", "centuri", "centuri", "centuri", "centuri", "centuri", "centuri", "centuri", "centuri", "centuri", "chang", "chang", "chang", "charact", "charg", "charg", "charl", "chemic", "chemist", "chemist", "chemist", "chemist", "chemist", "chemist", "chemist", "chemist", "chemist", "chemist", "chemist", "chemist", "chemist", "chemist", "chemist", "chemist", "chemist", "chemist", "chemist", "chemistri", "chemistri", "chicago", "chicago", "chicago", "chicago", "chicago", "chicago", "chicago", "chicago", "chicago", "chile", "china", "church", "citat", "citat", "cite", "cite", "classic", "classic", "classic", "classic", "classic", "classic", "clear", "clear", "climber", "clinic", "clinic", "close", "cognit", "cognit", "coin", "coin", "coin", "coin", "coin", "colleagu", "color", "color", "color", "columbia", "comment", "common", "common", "common", "compar", "complet", "complet", "comput", "comput", "conduct", "confirm", "connexion", "contact", "content", "context", "continu", "continuum", "control", "convinc", "cooki", "copi", "copi", "copi", "copi", "copi", "copi", "copi", "cord", "cosmolog", "cosmolog", "council", "council", "countri", "countri", "countri", "countri", "countri", "countri", "countri", "cputim", "creat", "creation", "creativ", "credit", "cultur", "curi", "curios", "cursor", "custom", "cut", "cxiii", "cyranoski", "daedalus", "damerow", "daryn", "data", "data", "david", "david", "decad", "defend", "degre", "degre", "degre", "degre", "degre", "degre", "deighton", "deng", "denni", "denni", "depend", "derek", "descart", "descart", "descart", "describ", "design", "desir", "desir", "develop", "develop", "develop", "develop", "did", "differ", "differ", "differ", "differ", "direct", "discov", "diseas", "display", "display", "distinct", "distinct", "divid", "divis", "doctor", "doctor", "doctor", "doctor", "doctor", "doctor", "doe", "doe", "dot", "drum", "dual", "earli", "earli", "earli", "earli", "earli", "earth", "earth", "ecologist", "ecologist", "econom", "economi", "economi", "economi", "economist", "economist", "economist", "edit", "edit", "edit", "edit", "edit", "edit", "edit", "edit", "edit", "edit", "edit", "edit", "edit", "edit", "edit", "edit", "edit", "edit", "edit", "edit", "edit", "edit", "edit", "edit", "edit", "edit", "edit", "edit", "edit", "edit", "editori", "educ", "educ", "educ", "educ", "educ", "effect", "effect", "effect", "effort", "egypt", "einstein", "einstein", "eisenhart", "elizabeth", "emerg", "emerg", "emir", "empir", "employ", "employ", "employ", "endeavor", "energi", "engag", "engin", "engin", "engin", "english", "enrico", "enter", "epistem", "era", "essenti", "ethic", "european", "eusoci", "evid", "evolv", "exact", "exampl", "exert", "exert", "exhibit", "exist", "exist", "expect", "explain", "explor", "extend", "extern", "extern", "factori", "fall", "fals", "far", "fara", "father", "father", "father", "februari", "februari", "feder", "femal", "fermat", "fermi", "ferngren", "ferngren", "field", "field", "field", "field", "figur", "figur", "figur", "financi", "find", "find", "finkel", "flexibl", "flow", "follow", "food", "forc", "forens", "form", "form", "form", "formal", "formal", "found", "found", "founder", "fourier", "franc", "francesco", "francesco", "free", "free", "free", "free", "french", "friedrich", "frog", "frog", "frog", "frog", "frog", "frontier", "fuller", "function", "function", "function", "function", "gain", "gain", "galen", "galilei", "galilei", "galileo", "galileo", "galileo", "galileo", "galileo", "galileo", "galvani", "galvani", "galvani", "galvani", "galvani", "gap", "gari", "gather", "gender", "gender", "general", "general", "general", "generat", "generat", "genom", "gentleman", "gentleman", "gentleman", "gentleman", "geologist", "geometri", "geometri", "georg", "germani", "gerolamo", "gig", "gilbert", "girolamo", "give", "give", "gnd", "gnd", "golden", "good", "gopnik", "gould", "graduat", "graduat", "graduat", "graduat", "great", "great", "greatest", "greek", "greek", "green", "gribbin", "group", "group", "group", "growth", "guid", "guidanc", "hafiz", "hafiz", "half", "hard", "harper", "harrison", "harrison", "harvey", "hawk", "headlin", "health", "health", "health", "hear", "heat", "heidi", "held", "helmholtz", "help", "help", "help", "helpabout", "heritag", "hidden", "high", "highest", "histori", "histori", "histori", "histori", "histori", "histori", "histori", "histori", "histori", "histori", "histori", "histori", "historian", "historian", "historian", "hold", "holm", "hook", "hope", "http", "http", "https", "https", "https", "https", "https", "hugh", "human", "human", "human", "human", "ibn", "idea", "idea", "idea", "illinoi", "imag", "imag", "import", "import", "improv", "improv", "inclin", "inclin", "includ", "includ", "includ", "includ", "includ", "includ", "includ", "includ", "includ", "india", "india", "india", "indic", "indonesia", "induct", "induct", "induct", "industri", "industri", "industri", "industri", "infinit", "influenc", "influenc", "infobox", "infrar", "ingeni", "ingeni", "ingeni", "inherit", "inherit", "inherit", "inherit", "inherit", "inner", "inorgan", "inspir", "instanc", "instead", "interest", "interest", "invent", "invent", "inventor", "inventor", "isbn", "isbn", "isbn", "isbn", "isbn", "isbn", "isbn", "isbn", "isbn", "isbn", "isbn", "islam", "islam", "israel", "itali", "italian", "italian", "italian", "itemcit", "jack", "januari", "januari", "januari", "japan", "jhu", "job", "john", "john", "journal", "journal", "journal", "juli", "jump", "jump", "jump", "june", "junior", "kenya", "key", "key", "khinchin", "kind", "kingdom", "kingdom", "knowledg", "knowledg", "knowledg", "knowledg", "knowledg", "knowledg", "knowledg", "knowledg", "knowledg", "knowledg", "knowledg", "knowledg", "knowledg", "kruger", "kuhn", "kuhn", "kwok", "lack", "lack", "languag", "last", "late", "late", "late", "later", "launch", "laureat", "laureat", "laureat", "laypeopl", "lazzaro", "lazzaro", "lccn", "lccn", "leagu", "learn", "learn", "learn", "leav", "lectur", "led", "ledford", "lee", "lee", "left", "leg", "leg", "leg", "leg", "leg", "lehoux", "leibniz", "leonardo", "leonardo", "level", "licens", "life", "life", "life", "life", "life", "light", "lightman", "like", "like", "limit", "limit", "limit", "limit", "limit", "limit", "limit", "limit", "limit", "limit", "limit", "limit", "linguist", "link", "link", "link", "link", "link", "link", "linkpag", "list", "list", "list", "list", "list", "list", "list", "list", "list", "littl", "littl", "log", "logic", "logo", "london", "longer", "longer", "look", "look", "look", "lower", "luigi", "machin", "machin", "machin", "mad", "main", "main", "main", "main", "maint", "maint", "maint", "maint", "major", "major", "major", "make", "make", "make", "malaysia", "male", "man", "margaret", "margin", "mari", "mari", "mari", "mari", "maria", "marin", "marin", "markov", "materi", "materi", "materi", "materi", "materi", "materi", "matter", "meadow", "mean", "mechan", "mechan", "mechan", "mechan", "mechan", "medal", "media", "medic", "medic", "medic", "medicin", "medicin", "medicin", "medicin", "medicin", "medicin", "mediev", "mediev", "mediev", "meet", "meet", "member", "member", "men", "men", "men", "men", "men", "men", "mentor", "mentor", "menu", "mere", "messag", "messag", "methan", "method", "method", "michael", "michael", "middl", "middl", "militari", "million", "mind", "mobil", "mode", "model", "modern", "modern", "modern", "modern", "modern", "modern", "modern", "modern", "modern", "modern", "modern", "modern", "modern", "modern", "modern", "moham", "molecular", "molecular", "molecular", "moral", "motion", "motiv", "motiv", "move", "movement", "movement", "muhaddith", "muscl", "muscular", "museo", "music", "musician", "musician", "nara", "nara", "narrow", "natasha", "nation", "nation", "nation", "nation", "natur", "natur", "natur", "natur", "natur", "natur", "natur", "natur", "natur", "natur", "natur", "natur", "natur", "natur", "natur", "natur", "natur", "natur", "natur", "natur", "natur", "natur", "natur", "natur", "natur", "natur", "natur", "natur", "natur", "natur", "natur", "natur", "natur", "natur", "natur", "nayar", "ndl", "ndl", "need", "need", "need", "need", "need", "need", "need", "neumann", "new", "new", "new", "new", "new", "newton", "nick", "nicolaus", "niel", "nigeria", "nih", "nobel", "nobel", "nobel", "nobel", "nobel", "nobel", "nobel", "nobel", "nonprofit", "nonprofit", "noorden", "norm", "normal", "normat", "note", "notion", "nuclear", "nuclear", "nuclear", "nuclear", "number", "number", "number", "number", "number", "number", "number", "oath", "observ", "occur", "octob", "omen", "omen", "onward", "optic", "optic", "oral", "organ", "origin", "origin", "origin", "origin", "origin", "origin", "origin", "ostergard", "otto", "overflow", "pad", "page", "page", "page", "page", "page", "page", "page", "page", "page", "page", "painter", "pakistan", "palat", "parker", "part", "part", "particl", "particl", "pascal", "patent", "patricia", "patronag", "pavia", "pdf", "pdf", "peer", "peer", "peopl", "peopl", "percent", "percent", "perform", "period", "period", "person", "person", "person", "person", "pervas", "peter", "peter", "peter", "phd", "phd", "phd", "phd", "philipp", "phillip", "phillip", "physic", "physic", "physic", "physic", "physic", "physic", "physic", "physic", "physic", "physician", "physician", "physician", "physician", "physicien", "physicist", "physicist", "physicist", "physicist", "physicist", "physicist", "physicist", "physicist", "physicist", "physicist", "physicist", "physicist", "physicist", "physicist", "physicist", "physicist", "physicist", "physicist", "physicist", "physicist", "physicist", "physicist", "physicist", "pierr", "pioneer", "pioneer", "place", "place", "place", "planetari", "plant", "plant", "plasma", "poet", "point", "point", "polici", "polici", "polit", "polit", "polit", "polym", "polymath", "polymath", "polymath", "popova", "popper", "popular", "porcelain", "posit", "posit", "practic", "preaud", "precursor", "predict", "present", "press", "press", "press", "press", "press", "press", "press", "press", "press", "press", "prestig", "priest", "priest", "print", "privaci", "privaci", "prize", "prize", "prize", "prize", "prize", "process", "produc", "profound", "project", "project", "project", "propos", "propos", "propos", "prospect", "provid", "provinc", "public", "publish", "publish", "publish", "pure", "pure", "pursu", "pursu", "pursu", "pursu", "pursu", "pursu", "quantum", "quantum", "quantum", "quantum", "quantum", "quarter", "quot", "rachel", "radiat", "radio", "reactor", "read", "real", "realis", "realiti", "realiti", "reason", "recent", "redi", "redi", "refer", "refer", "refer", "reflist", "regard", "regard", "regard", "regard", "regular", "relat", "relat", "reliabl", "reliabl", "religi", "religi", "religi", "religion", "remain", "remov", "remov", "remov", "remov", "report", "reproduc", "requir", "research", "research", "research", "research", "research", "research", "research", "research", "research", "research", "respons", "result", "result", "result", "result", "result", "retriev", "retriev", "retriev", "retriev", "retriev", "retriev", "retriev", "retriev", "retriev", "retriev", "retriev", "review", "review", "review", "review", "reward", "richard", "right", "right", "right", "right", "right", "robert", "roberta", "role", "role", "role", "role", "roman", "roman", "romant", "ronald", "ronald", "rose", "rose", "ross", "ross", "ross", "routledg", "routledg", "russia", "russian", "salari", "samea", "satir", "saudi", "say", "scale", "scalpel", "sceptic", "scholar", "scholar", "school", "scienc", "scienc", "scienc", "scienc", "scienc", "scienc", "scienc", "scienc", "scienc", "scienc", "scienc", "scienc", "scienc", "scienc", "scienc", "scienc", "scienc", "scienc", "scienc", "scienc", "scienc", "scienc", "scienc", "scienc", "scienc", "scienc", "scienc", "scienc", "scienc", "scienc", "scienc", "scienc", "scienc", "scienc", "scienc", "scienc", "scienc", "scienc", "scienc", "scienc", "scienc", "scienc", "scienc", "scienc", "scienc", "scienc", "scienc", "scienc", "scienc", "scienc", "scienc", "scienc", "scienc", "scienc", "scienc", "scienc", "scienc", "scienc", "scienc", "scienc", "scienc", "scienc", "scienc", "scienc", "scienc", "scienc", "scienc", "scienc", "scienc", "scienc", "scienc", "scienc", "scienc", "scienc", "scienc", "scienc", "scienc", "scienc", "scientist", "scientist", "scientist", "scientist", "scientist", "scientist", "scientist", "scientist", "scientist", "scientist", "scientist", "scientist", "scientist", "scientist", "scientist", "scientist", "scientist", "scientist", "scientist", "scientist", "scientist", "scientist", "scientist", "scientist", "scientist", "scientist", "scientist", "scientist", "scientist", "scientist", "scientist", "scientist", "scientist", "scientist", "scientist", "scientist", "scientist", "scientist", "scientist", "scientist", "scientist", "scientist", "scientist", "scientist", "scientist", "scientist", "scientist", "scribner", "scribunto", "scrupl", "search", "search", "second", "section", "section", "section", "section", "sector", "sector", "sector", "see", "seek", "seen", "select", "senior", "sentenc", "septemb", "septemb", "septemb", "seri", "serious", "set", "set", "shank", "shank", "shape", "shapin", "share", "shown", "similar", "site", "smaller", "social", "social", "social", "social", "social", "social", "societi", "solar", "son", "son", "soul", "sourc", "sourc", "sourc", "sourc", "sourc", "south", "space", "spain", "span", "span", "spasm", "special", "specif", "spinal", "sport", "spread", "spread", "spring", "springer", "state", "state", "state", "state", "state", "state", "state", "statement", "steel", "stem", "stephen", "steve", "steven", "stockton", "store", "stori", "stori", "strong", "structur", "structur", "struggl", "student", "student", "studi", "studi", "studi", "studi", "studi", "studi", "support", "survey", "survey", "survey", "sydney", "symbol", "system", "taken", "tamara", "task", "teach", "telegraph", "telescop", "templat", "templat", "templat", "templat", "templat", "templat", "templat", "templat", "templat", "templat", "templat", "templat", "tend", "term", "term", "term", "term", "term", "term", "term", "term", "term", "term", "term", "term", "term", "term", "term", "terror", "test", "test", "text", "text", "thailand", "thale", "theori", "theori", "theori", "theori", "theori", "thesi", "thesi", "thinker", "thoma", "thought", "thousand", "time", "time", "time", "time", "time", "time", "time", "time", "time", "timelin", "timestamp", "titl", "titl", "titl", "today", "tool", "tool", "total", "touch", "trade", "trademark", "train", "train", "train", "train", "treatment", "ttl", "ture", "turn", "twentieth", "twice", "twice", "twitch", "type", "type", "type", "type", "ueberweg", "ulema", "uniqu", "unit", "unit", "unit", "unit", "unit", "unit", "unit", "unit", "unit", "unit", "unknown", "unsourc", "unsourc", "uomo", "url", "url", "url", "url", "url", "url", "use", "use", "use", "use", "use", "use", "use", "usual", "usual", "utc", "valu", "valu", "valu", "valu", "valu", "valu", "valu", "valu", "valu", "valu", "valu", "valu", "van", "vari", "variant", "varieti", "various", "various", "vast", "version", "victorian", "view", "view", "vinci", "vinci", "virtu", "vision", "vocat", "vol", "volta", "volta", "volum", "volum", "von", "walltim", "want", "way", "wayback", "wayback", "wayback", "wayback", "websit", "whewel", "whewel", "whewel", "whewel", "whewel", "whewel", "whewel", "whewel", "whewel", "whewel", "whewel", "wide", "wide", "wide", "wide", "wide", "wiener", "wikimedia", "wikimedia", "wikimedia", "wikimedia", "wikipedia", "wikipedia", "wikipedia", "wildlif", "william", "william", "william", "william", "wilson", "wilson", "win", "win", "winter", "wire", "woman", "women", "women", "women", "women", "women", "women", "won", "wonder", "word", "word", "word", "word", "word", "word", "work", "work", "work", "work", "work", "work", "work", "work", "work", "work", "work", "work", "work", "work", "worker", "worker", "world", "world", "world", "world", "world", "world", "worldwid", "wrestl", "wrestl", "write", "wrote", "yahia", "yale", "year", "young", "zealand", "zoologist"]